Typed,Suggestion0,Suggestion1,Suggestion2,Suggestion3,Suggestion4
تهد,تهران,تهران - پایانه جنوب,تهران - پایانه غرب,تهران - پایانه بیهقی,تهران - همه پایانه‌ها
نها,نهاوند,نکا,مهاباد,نهبندان,تهران
ساوه,ساوه,پاوه,ساوجبلاغ,تفرش,تهران
یا,یاسوج,اهواز - همه پایانه‌ها,تهران - پایانه جنوب,تهران - پایانه غرب,شیراز - پایانه کاراندیش
بندر انزلی,بندر انزلی,عسلویه,بندر ترکمن,تهران,اصفهان
فوم,فومن,فولادشهر,صومعه سرا,رشت,تهران
گناوه,گناوه,بندر گناوه,اصفهان,اندیمشک,تهران
کاز,کازرون,کاشان,کاشمر,کامیاران,شیراز
مح,محمودآباد,محلات,مشهد,ماهشهر,ملایر
گنبد,گنبد کاووس,گرگان,تبریز,تهران,اصفهان
عجب,عنبران,عنبرآباد,تبریز,بناب,تهران
اروم,ارومیه,تهران,تبریز,کرج,اصفهان
فولا,فولادشهر,اصفهان,تهران,شیراز,مشهد
کاشان,کاشان,تهران,اصفهان,قم,زنجان
اندیمش,اندیمشک,اهواز,تهران,اصفهان,شیراز
کرمانشا,کرمانشاه,تهران,شیراز,مشهد,تبریز
جم,جم,قم,بم,قم - پایانه فدک,قم - عوارضی
ایلام,ایلام,اسلام آباد غرب,اسلامشهر,تهران - پایانه جنوب,تهران
میب,میبد,میاندوآب,میانه,مینودشت,میناب
رشت,رشت,هشتپر,دشتستان,آشتیان,نشتارود
بیجار,بیجار,خشکبیجار,زنجان,سقز,تهران
چابها,چابهار,سیرجان,تهران,اصفهان,شیراز
ت,تهران,تبریز,تهران - پایانه جنوب,تهران - پایانه غرب,تنکابن
قا,قائم شهر,قائن,قاینات,قایمیه,حاجی آباد قائن
آ,اصفهان,اهواز,اراک,آبادان,ارومیه
بهبه,بهبهان,بهشهر,شیراز,اهواز,تهران
ارا,اراک,شیراز - پایانه کاراندیش,داراب,آستارا,گچساران
سیر,سیرجان,سایر,نیر,شیراز,ساری
پایا,پایانه غرب,پایانه فدک,پایانه مرزی مهران,پایانه کاوه,پایانه جنوب
بم,بم,قم,جم,قم - پایانه فدک,قم - عوارضی
کا,کاشان,کازرون,کاشمر,کامیاران,گنبد کاووس
بوش,بوشهر,شوش,شوشتر,نوشهر,بهشهر
میا,میاندوآب,میانه,کامیاران,بویین ومیاندشت,ملایر
سمن,سمنان,سنندج,تهران,کرمانشاه,اصفهان
زرین,زرین شهر,اصفهان,فسا,داراب,تهران
ان,اندیمشک,انار,آنکارا (ترکیه),اندیشه,انارک
اردب,اردبیل,اردکان,اردستان,تهران,رشت
ز,زنجان,زاهدان,زابل,زرین شهر,زواره
س,ساری,سمنان,سیرجان,سنندج,سبزوار
رودس,رودسر,رودبار,رودان,رشت,رامسر
ط,طبس,طوالش,سلطان آباد,نطنز,رباط کریم
یاسو,یاسوج,بوشهر,شیراز,یزد,نهاوند
شی,شیراز,شیراز - پایانه کاراندیش,شیراز - پایانه امیرکبیر,شیراز - پایانه مدرس,شیروان
دهد,دهدشت,دهق,دهلران,عسلویه,بهبهان
سمنا,سمنان,تهران,اصفهان,شیراز,مشهد
میانه,میانه,میاندوآب,تبریز,زنجان,سرچم
بندرع,بندرعباس,بندر انزلی,بندر لنگه,بندر دیر,بندر ترکمن
ارومیه,ارومیه,تهران,کرج,اصفهان,شیراز
دامغان,دامغان,کاشان,تهران,اصفهان,شیراز
ملایر,ملایر,تهران,همدان,قم,اصفهان
نج,نجف آباد,نجف (عراق),زنجان,رفسنجان,خنج
شهر,شهرکرد,شهرضا,شهربابک,شهریار,شهر قدس
طب,طبس,تبریز,آبادان,آباده,سبزوار
سرع,سراوان,سردشت,سرایان,سرچم,سربندر
ك,تهران,اصفهان,شیراز,مشهد,رشت
بندر عباس,بندرعباس,تهران,تبریز,اصفهان,شیراز
بیر,بیرجند,بیرم,شیراز - پایانه امیرکبیر,نیر,شیراز
دام,دامغان,رامسر,داراب,لامرد,رامهرمز
خرم ,خرم آباد,خرمشهر,تهران,اهواز,ساری
کاش,کاشان,کاشمر,خاش,کازرون,کامیاران
ملا,ملایر,مهاباد,مراغه,میاندوآب,کلاچای
بیه,تهران - پایانه بیهقی,تهران - تهران (بیهقی),پایانه بیهقی,بیرجند,بیجار
عسلوی,عسلویه,عسلويه,شیراز,بندرعباس,تهران
فرد,فردوس,اردبیل,فرودگاه امام خمینی,اردکان,برداسکن
کاو,گنبد کاووس,اصفهان - پایانه کاوه,پایانه کاوه,کاشان,کازرون
اندی,اندیمشک,اندیشه,شیراز - پایانه کاراندیش,اهواز,تهران
ج,جهرم,جیرفت,جاسک,جم,جاجرم
قزوی,قزوین,تهران,همدان,اصفهان,مشهد
ده,دهدشت,دهق,دهلران,آباده,نقده
می,میبد,میاندوآب,میانه,مینودشت,میناب
زن,زنجان,ازنا,رزن,مرزن آباد,بندرعباس
کازرو,کازرون,شیراز,تهران,اصفهان,مشهد
خوا,خوانسار,خواف,خوی,خور,خورموج
شي,شیراز,شهرکرد,شاهرود,شیراز - پایانه کاراندیش,شاهین شهر
بابلسر,بابلسر,علی آباد بابلسر,بابل,تهران,قم
کنگا,کنگان,کنگاور,بندر کنگان,تهران,اصفهان
ابا,آبادان,آباده,خرم آباد,مهاباد,محمودآباد
مازن,مرزن آباد,ساری,بابل,اصفهان,گرگان
شهرکرد,شهرکرد,مهران,اصفهان,شیراز,بندرعباس
بیرجن,بیرجند,مشهد,بندرعباس,تهران,اصفهان
بوشه,بوشهر,نوشهر,بهشهر,بندرعباس,شیراز
لام,لامرد,ایلام,اسلام آباد غرب,اسلامشهر,لار
رفسنجان,رفسنجان,کرمان,اصفهان,تهران,شیراز
سنندج,سنندج,سقز,تهران,اصفهان,شیراز
سمنان,سمنان,تهران,اصفهان,شیراز,مشهد
ایران,ایرانشهر,تیران,ایوان,پیرانشهر,تهران
شاه,شاهرود,شاهین شهر,شاهین دژ,کرمانشاه,زاهدان
شوش,شوش,شوشتر,شوط,بوشهر,نوشهر
کرمانشاه,کرمانشاه,تهران,شیراز,تبریز,کرج
رود,رودسر,رودبار,رودان,شاهرود,فرودگاه امام خمینی
مه,مهاباد,مهران,اهواز - همه پایانه‌ها,تهران - همه پایانه‌ها,گرگان - همه پایانه‌ها
فا,فارسان,دلفان,جلفا,نورآباد (فارس),فسا
یزد,یزد,یزد - کمربندی,تهران,اصفهان,فولادشهر
ص,صومعه سرا,صحنه,اصفهان,اصفهان - پایانه کاوه,اصفهان - پایانه صفه
جی,جیرفت,اصفهان - پایانه جی,حاجی آباد قائن,حاجی آباد,ری
م,مشهد,ماهشهر,ملایر,مهاباد,محمودآباد
ایرانشهر,ایرانشهر,پیرانشهر,تهران,اصفهان,شیراز
زابل,زابل,بابل,بابلسر,اصفهان,زاهدان
تخ,کنارتخته,تهران,تبریز,تهران - پایانه جنوب,تهران - پایانه غرب
دزف,دزفول,دلفان,کرمانشاه,اندیمشک,تهران
خم,خمین,خمینی شهر,فرودگاه امام خمینی,قم,بم
v,رشت,رامسر,رودسر,رفسنجان,رویان
فرو,فرودگاه امام خمینی,ارومیه,بروجرد,فردوس,بروجن
قائ,قائم شهر,قائن,حاجی آباد قائن,نائین,قاینات
لا,لاهیجان,لامرد,لار,ایلام,ملایر
اردکا,اردکان,نائین,اصفهان,تهران,شیراز
چابه,چابهار,چذابه,سیرجان,تهران,اصفهان
اباد,آبادان,آباده,خرم آباد,مهاباد,محمودآباد
شهرضا,شهرضا,شهربابک,شهریار,تهران,شیراز
همدان,همدان,تهران,شیراز,کرج,بابل
سب,سبزوار,تبریز,ساری,آبادان,سمنان
نوش,نوشهر,نور,شوش,شوشتر,نورآباد
مهرا,مهران,پایانه مرزی مهران,تهران,تهران - پایانه جنوب,تهران - پایانه غرب
میبد,میبد,تهران,اصفهان,شیراز,مشهد
ه,همدان,هشتپر,هادیشهر,هشتگرد,تهران
;,کرمان,کرج,کرمانشاه,کاشان,کازرون
تبری,تبریز,تهران,تکاب,همدان,شاهین دژ
الب,البرز,الیگودرز,اربیل (عراق),الشتر,تهران
امی,امیدیه,شیراز - پایانه امیرکبیر,کامیاران,آمل,املش
ترمینال ,اصفهان,تهران - پایانه جنوب,رشت,تهران,شیراز
دزفو,دزفول,اندیمشک,کرمانشاه,تهران,اصفهان
نا,نائین,سمنان,گناباد,گناوه,ازنا
دی,دیلم,دیواندره,اندیمشک,شیراز - پایانه کاراندیش,بندر دیر
اقل,اقلید,آمل,املش,ایلام,اسلام آباد غرب
ابهر,ابهر,اهر,تهران,اصفهان,شیراز
تو,تویسرکان,باتومی (گرجستان),تهران,تبریز,بوشهر
تهر,تهران,تهران - پایانه جنوب,تهران - پایانه غرب,تهران - پایانه بیهقی,تهران - همه پایانه‌ها
برو,بروجرد,بروجن,ارومیه,فرودگاه امام خمینی,برداسکن
دور,دورود,نور,خور,نورآباد,نورآباد (لرستان)
 ,خرم آباد,اهواز - همه پایانه‌ها,بندر انزلی,تهران - پایانه جنوب,قائم شهر
نی,نیشابور,نی‌ریز,نیک شهر,نیر,فرودگاه امام خمینی
پ,پارس آباد,پیرانشهر,پارسیان,پایانه غرب,پایانه فدک
بندرانزلی,بندر انزلی,رشت,بندر ترکمن,تهران,اصفهان
میان,میاندوآب,میانه,بویین ومیاندشت,مهاباد,تبریز
سل,سلمان شهر,سلماس,سلطان آباد,عسلویه,عسلويه
دورود,دورود,تهران,اصفهان,شیراز,مشهد
f,فردوس,فولادشهر,فومن,فسا,پایانه فدک
بهبهان,بهبهان,شیراز,اهواز,تهران,اصفهان
سبز,سبزوار,سقز,گرگان,نیشابور,تهران
سنند,سنندج,سقز,تهران,اصفهان,شیراز
قایم شهر,قائم شهر,تهران,اصفهان,شیراز,مشهد
مشهد ,مشهد,تهران,اصفهان,شیراز,رشت
اهواز - همه پایانه‌ها,اهواز - همه پایانه‌ها,اهواز,اصفهان,شیراز,مشهد
دا,دامغان,داراب,همدان,آبادان,زاهدان
شا,شاهرود,شاهین شهر,شاهین دژ,شاندرمن,کرمانشاه
و,اهواز,بوشهر,ارومیه,اهواز - همه پایانه‌ها,شاهرود
نق,نقده,سنقر,نوشهر,نجف آباد,نهاوند
با,بابل,بابلسر,بانه,بافت,باتومی (گرجستان)
فی,فیروزکوه,آستانه اشرفیه,پل سفید,ری,شیراز
ن,نوشهر,نجف آباد,نهاوند,نور,نیشابور
ماز,ماهشهر,کازرون,ماکو,ماسال,مرزن آباد
گرگ,گرگان,گرگان - همه پایانه‌ها,گراش,درگهان,گرمسار
بوکا,بوکان,بانه,تهران,سقز,تبریز
تا,تایباد,تاکستان,استانبول (ترکیه),آستارا,آستانه اشرفیه
کوه,کوهدشت,ابرکوه,سوادکوه,فیروزکوه,کرمان
مش,مشهد,مشگین شهر,اندیمشک,خرمشهر,اسلامشهر
بندرعبا,بندرعباس,مشهد,اصفهان,بندر گناوه,تهران
آمل,آمل,املش,ایلام,اقلید,اسلام آباد غرب
کل,کلاچای,کلاله,کلاردشت,سیاهکلا,کرمان
لنگر,لنگرود,رشت,تهران,اصفهان,شیراز
دیل,دیلم,ایلام,گیلانغرب,دیواندره,دهلران
گناباد,گناباد,تهران,اصفهان,شیراز,مشهد
hv,اراک,ارومیه,اردبیل,اردکان,ارزروم (ترکیه)
بج,بجنورد,بجستان,بم,بندرعباس,بابل
شب,شبستر,شیراز,تبریز,شهرکرد,آبادان
سرا,سراوان,سرایان,سراب,صومعه سرا,اراک
دار,داراب,لار,ساری,دامغان,دورود
لن,لنگرود,لنجان,بندر لنگه,بندرعباس,زنجان
ش,شیراز,شهرکرد,شاهرود,شیراز - پایانه کاراندیش,شاهین شهر
ماه,ماهشهر,مشهد,زاهدان,شاهرود,شاهین شهر
ک,کرمان,کرج,کرمانشاه,کاشان,کازرون
قزوین,قزوین,تهران,همدان,اصفهان,مشهد
jiv,تهران,تهران - پایانه جنوب,تهران - پایانه غرب,تهران - پایانه بیهقی,تهران - همه پایانه‌ها
تنکاب,تنکابن,تکاب,تکاب درگز,تهران,ساری
کلال,کلاله,کلاچای,کلاردشت,تهران,اصفهان
عسل,عسلویه,عسلويه,اسلام آباد غرب,اسلامشهر,شیراز
تهران ,تهران - پایانه جنوب,تهران - پایانه غرب,تهران - پایانه بیهقی,تهران - همه پایانه‌ها,تهران - پایانه شرق
رس,پارس آباد,شیراز - پایانه مدرس,پارسیان,نورآباد (لرستان),فارسان
ماکو,ماکو,ارومیه,تهران,اصفهان,شیراز
خوان,خوانسار,خواف,قم,کرج,تهران
ي,عسلويه,نسيم شهر,تهران,اصفهان,شیراز
بند,بندرعباس,بندر انزلی,بندر لنگه,بندر دیر,بندر ترکمن
محلات,محلات,قم,تهران,اراک,خمین
شو,شوشتر,شوش,شوط,شیراز,شهرکرد
بندرعب,بندرعباس,مشهد,اصفهان,جیرفت,بندر گناوه
محمو,محمودآباد,ساری,تهران,اصفهان,شیراز
ابادان,آبادان,شیراز,تهران,اصفهان,مشهد
بندر عبا,بندرعباس,تهران,تبریز,اصفهان,شیراز
ری,ری,تبریز,ساری,تربت حیدریه,نی‌ریز
عسلو,عسلویه,عسلويه,شیراز,بندرعباس,تهران
همد,همدان,هادیشهر,تهران,شیراز,بوشهر
قائمش,قائم شهر,ساری,گرگان,تهران,اصفهان
آستا,استانبول (ترکیه),آستارا,آستانه اشرفیه,اسلام آباد غرب,اسلامشهر
بهبها,بهبهان,شیراز,اهواز,تهران,اصفهان
مهاب,مهاباد,تبریز,تهران,اصفهان,شیراز
هش,هشتپر,هشتگرد,ماهشهر,بهشهر,مشهد
ماهشهر,ماهشهر,اهواز,تهران,شیراز,کرج
دو,دورود,فردوس,میاندوآب,فریدون کنار,فریدون شهر
مراغه,مراغه,تهران,اصفهان,شیراز,مشهد
بر,بروجرد,بروجن,برداسکن,برازجان,تبریز
همدا,همدان,تهران,شیراز,کرج,بوشهر
ح,حاجی آباد قائن,حاجی آباد,محمودآباد,اهواز - پایانه سیاحت,تربت حیدریه
سق,سقز,ساری,سمنان,سیرجان,سنندج
مازند,ساری,بابل,اصفهان,گرگان,تهران
کر,کرمان,کرج,کرمانشاه,شهرکرد,رباط کریم
گرگان,گرگان,گرگان - همه پایانه‌ها,مشهد,تهران,اصفهان
خرم,خرم آباد,خرمشهر,کرمان,کرمانشاه,گرمسار
باب,بابل,بابلسر,بابا میدان,شهربابک,علی آباد بابلسر
كر,کرمان,کرج,گرگان,کرمانشاه,اراک
خوی,خوی,خور,خورموج,خمین,خوانسار
بهشه,بهشهر,بوشهر,بهبهان,ساری,تهران
او,اوز,گنبد کاووس,اصفهان - پایانه کاوه,نهاوند,ساوه
عسلویه,عسلویه,عسلويه,شیراز,تهران,بندرعباس
ایر,ایرانشهر,ایروان (ارمنستان),ملایر,سایر,اهر
سا,ساری,ساوه,سایر,ساوجبلاغ,خوانسار
پایانه,پایانه غرب,پایانه فدک,پایانه مرزی مهران,پایانه کاوه,پایانه جنوب
امل,آمل,املش,ایلام,اقلید,اسلام آباد غرب
اهواز,اهواز,اهواز - همه پایانه‌ها,اهواز - پایانه سیاحت,اهواز - پایانه تپه,اهواز - اهواز (تپه)
ع,عسلویه,عسلويه,عباس آباد,عنبران,عنبرآباد
ساری,ساری,گرگان,تهران,مشهد,رشت
چا,چالوس,چابهار,کلاچای,قوچان,ساری
شاهین,شاهین شهر,شاهین دژ,اصفهان,بهبهان,تهران
کرم,کرمان,کرمانشاه,کرج,خرم آباد,خرمشهر
به,بهبهان,بهشهر,چابهار,ابهر,چذابه
قش,قشم,قم,قم - پایانه فدک,قم - عوارضی,مشهد
لار,لار,کلاردشت,ساری,لاهیجان,داراب
چالو,چالوس,ساری,رشت,تهران,اصفهان
شاهر,شاهرود,اهر,شاهین شهر,شاهین دژ,سمنان
بندرعباس,بندرعباس,مشهد,بندر گناوه,اصفهان,جیرفت
ار,اراک,ارومیه,اردبیل,اردکان,ارزروم (ترکیه)
اق,اقلید,نجف (عراق),اربیل (عراق),اصفهان,اهواز
فس,فسا,رفسنجان,عسلویه,فرودگاه امام خمینی,عسلويه
ایذه,ایذه,تهران,اصفهان,شیراز,مشهد
فول,فولادشهر,دزفول,فومن,اصفهان,تهران
خمی,خمین,خمینی شهر,فرودگاه امام خمینی,خوی,امیدیه
کازر,کازرون,شیراز,تهران,اصفهان,مشهد
گن,گنبد کاووس,گناباد,گناوه,بندر گناوه,قلعه گنج
زنجا,زنجان,لنجان,تهران,رشت,تبریز
ایرا,ایرانشهر,شیراز,ایلام,شیراز - پایانه کاراندیش,شیراز - پایانه امیرکبیر
بروجرد,بروجرد,تهران,شیراز,اهواز,اصفهان
چاب,چابهار,بابل,بابلسر,چالوس,زابل
ارو,ارومیه,نشتارود,اهواز,اراک,اهواز - همه پایانه‌ها
ام,آمل,امیدیه,املش,رامسر,ایلام
دز,دزفول,یزد,قزوین,دامغان,داراب
ji,جیرفت,تهران,تهران - پایانه جنوب,تهران - پایانه غرب,تهران - پایانه بیهقی
د,دزفول,دامغان,داراب,دورود,دهدشت
عب,عباس آباد,بندرعباس,تبریز,آبادان,عسلویه
کاشا,کاشان,کاشمر,اصفهان,تهران,زنجان
قائمشهر,قائم شهر,ساری,گرگان,تهران,اصفهان
تبریز,تبریز,تهران,همدان,تکاب,رشت
ما,ماهشهر,ماکو,ماسال,کرمان,کرمانشاه
نهاون,نهاوند,تهران,اصفهان,شیراز,مشهد
دزفول,دزفول,اندیمشک,کرمانشاه,تهران,اصفهان
جه,جهرم,جم,تهران,اهواز,شهرکرد
تربت,تربت حیدریه,تربت جام,بیرجند,کاشمر,تهران
پایانه ,پایانه غرب,پایانه فدک,پایانه مرزی مهران,پایانه کاوه,پایانه جنوب
لنگرو,لنگرود,رشت,تهران,اصفهان,شیراز
بوکان,بوکان,ارومیه,بانه,تهران,تبریز
بیهق,تهران - پایانه بیهقی,تهران - تهران (بیهقی),پایانه بیهقی,تهران,اصفهان
قائم,قائم شهر,قائن,قایمیه,ساری,گرگان
خرم آباد,خرم آباد,تهران,اهواز,ساری,اصفهان
بجنو,بجنورد,مشهد,تهران,اصفهان,شیراز
hw,اصفهان,اصفهان - پایانه کاوه,اصفهان - پایانه صفه,اصفهان - پایانه جی,اصفهان - اصفهان (صفه)
تب,تبریز,تهران,آبادان,تهران - پایانه جنوب,تهران - پایانه غرب
کنگان,کنگان,بندر کنگان,کنگاور,تهران,اصفهان
بهب,بهبهان,بابل,بابلسر,بهشهر,نهبندان
تن,تنکابن,تهران,بندرعباس,تبریز,زنجان
نجف,نجف آباد,نجف (عراق),تهران,اصفهان,شیراز
اردبیل,اردبیل,رشت,تهران,مشهد,تبریز
ad,شیراز,شیراز - پایانه کاراندیش,شیراز - پایانه امیرکبیر,شیراز - پایانه مدرس,شیروان
کازرون,کازرون,شیراز,تهران,اصفهان,مشهد
دهدش,دهدشت,عسلویه,بهبهان,تهران,اصفهان
گنا,گناباد,گناوه,بندر گناوه,گنبد کاووس,گراش
انزلی,بندر انزلی,بندر ترکمن,لنگرود,تهران,اصفهان
سن,سنندج,سنقر,رفسنجان,ممسنی,بندرعباس
محلا,محلات,قم,خمین,تهران,اراک
شوشتر,شوشتر,اهواز,شوش,تهران,اصفهان
کو,کوهدشت,ابرکوه,ماکو,سوادکوه,فیروزکوه
نه,نهاوند,نهبندان,اهواز - همه پایانه‌ها,تهران - پایانه جنوب,تهران - پایانه غرب
اي,اصفهان,اهواز,اراک,آبادان,ارومیه
مس,مسجدسلیمان,مسجد سلیمان,رامسر,ممسنی,گرمسار
شاهی,شاهین شهر,شاهین دژ,شاهرود,لاهیجان,اصفهان
یاسوج,یاسوج,یزد,بوشهر,اصفهان,شیراز
چال,چالوس,چابهار,گالیکش,ساری,رشت
لاهیجان,لاهیجان,تهران,اصفهان,شیراز,مشهد
داراب,داراب,اصفهان,شیراز,تهران,مشهد
اردبی,اردبیل,تهران,تبریز,مشهد,رشت
بیرجند,بیرجند,بندرعباس,اصفهان,مشهد,تهران
مازندر,ساری,اصفهان,گرگان,بابل,تهران
سم,سمنان,قم,بم,جم,قم - پایانه فدک
لامر,لامرد,لار,تهران,اصفهان,شیراز
بی,بیرجند,بیجار,بیرم,اردبیل,تهران - پایانه بیهقی
اصفهان ,اصفهان - پایانه کاوه,اصفهان - پایانه صفه,اصفهان - پایانه جی,اصفهان - اصفهان (صفه),اصفهان
محمود,محمودآباد,ساری,تهران,اصفهان,شیراز
فرود,فرودگاه امام خمینی,فریدون کنار,فریدون شهر,فریدن,مرودشت
پایان,پایانه غرب,پایانه فدک,پایانه مرزی مهران,پایانه کاوه,پایانه جنوب
ابه,ابهر,چابهار,چذابه,آبادان,آباده
روی,رویان,بشرویه,خوی,ری,رودسر
مرا,مراغه,اراک,ملایر,مهاباد,میاندوآب
چابهار,چابهار,تهران,سیرجان,اصفهان,شیراز
ایرانش,ایرانشهر,پیرانشهر,تهران,اصفهان,شیراز
ایلا,ایلام,ایرانشهر,اسلام آباد غرب,اسلامشهر,ایوان
بوشهر,بوشهر,نوشهر,بهشهر,شیراز,بندرعباس
پای,پایانه غرب,پایانه فدک,پایانه مرزی مهران,پایانه کاوه,پایانه جنوب
ی,یزد,یاسوج,یزد - کمربندی,شیراز,تبریز
قای,قاینات,قایمیه,قائم شهر,سایر,قائن
ساو,ساوه,ساوجبلاغ,ساری,سایر,پاوه
گیلا,گیلانغرب,ایلام,رشت,اردبیل,فومن
شیر,شیراز,شیراز - پایانه کاراندیش,شیراز - پایانه امیرکبیر,شیراز - پایانه مدرس,شیروان
r,رشت,رامسر,رودسر,رفسنجان,ری
ملای,ملایر,همدان,تهران,قم,اصفهان
مل,ملایر,آمل,املش,مشهد,ماهشهر
زاهد,زاهدان,تهران,اصفهان,شیراز,مشهد
اصفه,اصفهان,اصفهان - پایانه کاوه,اصفهان - پایانه صفه,اصفهان - پایانه جی,اصفهان - اصفهان (صفه)
اخ,اصفهان,اهواز,اراک,آبادان,ارومیه
بروج,بروجرد,بروجن,اصفهان,شیراز,اهواز
بجنورد,بجنورد,مشهد,تهران,اصفهان,شیراز
خمین,خمین,خمینی شهر,فرودگاه امام خمینی,اصفهان,الیگودرز
گ,گرگان,گنبد کاووس,گناباد,گلپایگان,گناوه
ماس,ماسال,سلماس,ماهشهر,یاسوج,ماکو
را,رامسر,رامهرمز,تهران,شیراز,اراک
مهابا,مهاباد,تبریز,تهران,اصفهان,شیراز
سبزوار,سبزوار,نیشابور,تهران,اصفهان,شیراز
است,استانبول (ترکیه),آستارا,آستانه اشرفیه,استهبان,اسلام آباد غرب
زاه,زاهدان,شاهرود,ماهشهر,شاهین شهر,لاهیجان
استا,استانبول (ترکیه),آستارا,آستانه اشرفیه,اسلام آباد غرب,اسلامشهر
چ,چالوس,چابهار,چغادک,چذابه,کلاچای
فو,فولادشهر,فومن,دزفول,بوشهر,نوشهر
دامغ,دامغان,سمنان,کاشان,تهران,اصفهان
مهاباد,مهاباد,تبریز,تهران,اصفهان,شیراز
تنکابن,تنکابن,تهران,ساری,رشت,رامسر
بندر,بندرعباس,بندر انزلی,بندر لنگه,بندر دیر,بندر ترکمن
اصفها,اصفهان,اصفهان - پایانه کاوه,اصفهان - پایانه صفه,اصفهان - پایانه جی,اصفهان - اصفهان (صفه)
کلا,کلاچای,کلاله,کلاردشت,سیاهکلا,ملایر
جهرم,جهرم,تهران,اصفهان,شیراز,مشهد
شه,شهرکرد,شهرضا,شهربابک,شهریار,شهر قدس
اص,اصفهان,اصفهان - پایانه کاوه,اصفهان - پایانه صفه,اصفهان - پایانه جی,اصفهان - اصفهان (صفه)
قم,قم,قم - پایانه فدک,قم - عوارضی,قشم,بم
شهر ,شهر قدس,شهرک,شهرکرد,شهرضا,شهربابک
مهران,مهران,پایانه مرزی مهران,تهران,تهران - پایانه جنوب,تهران - پایانه غرب
هم,همدان,اهواز - همه پایانه‌ها,تهران - همه پایانه‌ها,گرگان - همه پایانه‌ها,قم
رف,رفسنجان,جیرفت,آستانه اشرفیه,ری,رشت
لنگ,لنگرود,بندر لنگه,کنگان,کنگاور,لنجان
زاهدا,زاهدان,تهران,اصفهان,شیراز,مشهد
آبادا,آبادان,آباده,شیراز,تهران,اصفهان
بیرج,بیرجند,بیرم,سیرجان,مشهد,بندرعباس
اهو,اهواز,اهواز - همه پایانه‌ها,اهواز - پایانه سیاحت,اهواز - پایانه تپه,اهواز - اهواز (تپه)
آبا,آبادان,آباده,خرم آباد,مهاباد,محمودآباد
سقز,سقز,سبزوار,کرج,تهران,اصفهان
بن,بندرعباس,بندر انزلی,بندر لنگه,بندر دیر,بندر ترکمن
نوشهر,نوشهر,بوشهر,رویان,تهران,اصفهان
عس,عسلویه,عسلويه,استانبول (ترکیه),آستارا,عباس آباد
گرم,گرمسار,گرمی,کرمان,گرگان,کرمانشاه
مر,مراغه,مریوان,مرند,مرزن آباد,مرودشت
تنکا,تنکابن,نکا,آنکارا (ترکیه),تهران,ساری
دورو,دورود,تهران,اصفهان,شیراز,مشهد
از,آزادشهر,ازنا,شیراز,اهواز,اهواز - همه پایانه‌ها
مها,مهاباد,ملایر,نهاوند,مراغه,مهران
کرما,کرمان,کرمانشاه,همدان,شیراز,ایلام
بندرلنگه,بندر لنگه,تهران,اصفهان,شیراز,مشهد
ای,ایلام,ایرانشهر,ایذه,ایروان (ارمنستان),ایوان
بهشهر,بهشهر,بوشهر,ساری,تهران,اصفهان
کهنوج,کهنوج,تهران,اصفهان,شیراز,مشهد
ماهشه,ماهشهر,اهواز,تهران,همدان,شیراز
jivh,تهران,تهران - پایانه جنوب,تهران - پایانه غرب,تهران - پایانه بیهقی,تهران - همه پایانه‌ها
شهرکر,شهرکرد,شهرک,اصفهان,مهران,شیراز
ر,رشت,رامسر,رودسر,رفسنجان,رویان
آبادان,آبادان,شیراز,تهران,اصفهان,مشهد
a,اهواز,اراک,آبادان,اهواز - همه پایانه‌ها,عسلویه
لاه,لاهیجان,لار,زاهدان,شاهرود,ماهشهر
کنگ,کنگان,کنگاور,بندر کنگان,لنگرود,کنارک
ته ,تهران,تهران - پایانه جنوب,تهران - پایانه غرب,تهران - پایانه بیهقی,تهران - همه پایانه‌ها
آب,آبادان,آباده,ابهر,ابرکوه,آبیک
اسفراین,اسفراین,مشهد,تهران,اصفهان,شیراز
کن,کنگان,کنگاور,کنارک,کنارتخته,برداسکن
لاهی,لاهیجان,شاهین شهر,شاهین دژ,تهران,رشت
H,همدان,هشتپر,حاجی آباد قائن,حاجی آباد,هادیشهر
نو,نوشهر,نور,نورآباد,نورآباد (لرستان),نوک آباد
کرمان,کرمان,کرمانشاه,همدان,تهران,شیراز
ترب,تربت حیدریه,تربت جام,ترابزون (ترکیه),سربندر,اربیل (عراق)
بجن,بجنورد,بانه,بجستان,مشهد,تهران
جهر,جهرم,اهر,تهران,شهرکرد,تهران - پایانه جنوب
نیش,نیشابور,نیر,نوشهر,نی‌ریز,نیک شهر
l,لاهیجان,لامرد,لنگرود,لار,لردگان
وا,اهواز,اهواز - همه پایانه‌ها,سبزوار,اهواز - پایانه سیاحت,اهواز - پایانه تپه
گی,گیلانغرب,مشگین شهر,کهگیلویه,ری,شیراز
شهرک,شهرک,شهرکرد,شهرضا,شهربابک,شهریار
چالوس,چالوس,رشت,ساری,تهران,اصفهان
خرمش,خرمشهر,خرم آباد,شیراز,تهران,اصفهان
فر,فرودگاه امام خمینی,فردوس,فریدون کنار,فریدون شهر,فریدن
قشم,قشم,قم,قم - پایانه فدک,قم - عوارضی,بندرعباس
بندر ,بندر انزلی,بندر لنگه,بندر دیر,بندر ترکمن,بندر کنگان
اردک,اردکان,اراک,اردبیل,اردستان,نائین
,تهران,اصفهان,شیراز,مشهد,رشت
اندیم,اندیمشک,اندیشه,اهواز,تهران,اهواز - همه پایانه‌ها
در,درگهان,درگز,دره‌شهر,بندرعباس,بندر انزلی
اراک,اراک,اردکان,تهران,همدان,کمیجان
گل,گلپایگان,گرگان,ملایر,گنبد کاووس,گناباد
d,دزفول,دامغان,داراب,دورود,دهدشت
محم,محمودآباد,محلات,ساری,قم,تهران
کرمانش,کرمانشاه,کرمان,مشهد,رودسر,تهران
فولاد,فولادشهر,اصفهان,تهران,شیراز,مشهد
ل,لاهیجان,لامرد,لنگرود,لار,لردگان
مشهد,مشهد,تهران,اصفهان,قم,کرج
گچ,گچساران,گرگان,گنبد کاووس,گناباد,گلپایگان
فسا,فسا,شیراز,عسلويه,تهران,اصفهان
بندر عب,بندرعباس,تهران,تبریز,اصفهان,شیراز
کرج,کرج,کرمان,کرمانشاه,تهران,البرز
لنگرود,لنگرود,رشت,تهران,اصفهان,شیراز
خرمشهر,خرمشهر,اصفهان,شیراز,تهران,مشهد
ایذ,ایذه,ایلام,ایرانشهر,ایروان (ارمنستان),ایوان
زاب,زابل,بابل,زاهدان,بابلسر,چابهار
نیشا,نیشابور,بابل,مشهد,تهران,اصفهان
شاهرو,شاهرود,سمنان,تهران,کاشان,دامغان
سبزو,سبزوار,نیشابور,تهران,اصفهان,شیراز
سی,سیرجان,سیاهکلا,اهواز - پایانه سیاحت,پارسیان,ری
ب,بندرعباس,بابل,بوشهر,بیرجند,بابلسر
پا,پارس آباد,پارسیان,پایانه غرب,پایانه فدک,پایانه مرزی مهران
سار,ساری,خوانسار,گچساران,گرمسار,لار
بندر ا,بندر انزلی,بندر لنگه,بندر دیر,بندر ترکمن,بندر کنگان
رفسن,رفسنجان,کرمان,اصفهان,تهران,شیراز
تهرا,تهران,تهران - پایانه جنوب,تهران - پایانه غرب,تهران - پایانه بیهقی,تهران - همه پایانه‌ها
مریوان,مریوان,سقز,تهران,اصفهان,شیراز
اهواز ,اهواز - همه پایانه‌ها,اهواز - پایانه سیاحت,اهواز - پایانه تپه,اهواز - اهواز (تپه),اهواز
آباده,آباده,آبادان,تهران,اصفهان,شیراز
نهاو,نهاوند,تهران,اصفهان,شیراز,مشهد
ال,الیگودرز,البرز,الشتر,چالوس,کلاله
زنجان,زنجان,لنجان,تهران,قزوین,مشهد
آباد,آبادان,آباده,خرم آباد,مهاباد,محمودآباد
بابل,بابل,بابلسر,علی آباد بابلسر,زابل,بابا میدان
گنب,گنبد کاووس,گناباد,گناوه,عنبران,عنبرآباد
اردکان,اردکان,نائین,تهران,اصفهان,ایرانشهر
تف,تفرش,تفلیس (گرجستان),تهران,تبریز,تهران - پایانه جنوب
قائمشه,قائم شهر,ساری,گرگان,تهران,اصفهان
شاهرود,شاهرود,تهران,سمنان,بابل,کاشان
سیرجان,سیرجان,کرمان,تهران,گرگان,عسلویه
رامسر,رامسر,رامهرمز,تهران,اصفهان,گرگان
سیرجا,سیرجان,کرمان,قائم شهر,تهران,گرگان
نیشابور,نیشابور,مشهد,بابل,تهران,اصفهان
j,جهرم,جیرفت,جاسک,جم,جاجرم
اصف,اصفهان,اصفهان - پایانه کاوه,اصفهان - پایانه صفه,اصفهان - پایانه جی,اصفهان - اصفهان (صفه)
مهر,مهران,پایانه مرزی مهران,رامهرمز,اهر,تهران
سیرج,سیرجان,بیرجند,تهران,کرمان,گرگان
خرمشه,خرمشهر,اصفهان,شیراز,تهران,مشهد
ارومی,ارومیه,تهران,کرج,تبریز,اصفهان
خو,خوی,خوانسار,خور,خواف,خورموج
تاکستان,تاکستان,قزوین,تهران,اصفهان,شیراز
زاهدان,زاهدان,تهران,اصفهان,شیراز,مشهد
بو,بوشهر,بوکان,بویراحمد,بوئین زهرا,بویین ومیاندشت
شیراز,شیراز,شیراز - پایانه کاراندیش,شیراز - پایانه امیرکبیر,شیراز - پایانه مدرس,تهران
ف,فرودگاه امام خمینی,فردوس,فولادشهر,فومن,فسا
ماهش,ماهشهر,اهواز,همدان,تهران,اندیمشک
انزل,بندر انزلی,لنگرود,رشت,رودسر,بندر ترکمن
k,کرمان,کرج,کرمانشاه,خرم آباد,کاشان
خر,خرم آباد,خرمشهر,خور,خورموج,کرمان
کار,شیراز - پایانه کاراندیش,آنکارا (ترکیه),لار,ساری,کاشان
تهران,تهران,تهران - پایانه جنوب,تهران - پایانه غرب,تهران - پایانه بیهقی,تهران - همه پایانه‌ها
ا,اصفهان,اهواز,اراک,آبادان,ارومیه
شیرا,شیراز,شیراز - پایانه کاراندیش,شیراز - پایانه امیرکبیر,شیراز - پایانه مدرس,ایرانشهر
h,همدان,هشتپر,حاجی آباد قائن,حاجی آباد,هادیشهر
انز,بندر انزلی,اوز,اندیمشک,ارزروم (ترکیه),ارزوییه
گر,گرگان,گرگان - همه پایانه‌ها,گراش,گرمسار,گرمی
پار,پارس آباد,پارسیان,لار,ساری,داراب
ق,قم,قزوین,قائم شهر,قشم,قم - پایانه فدک
الی,الیگودرز,گالیکش,امیدیه,البرز,آبیک
آس,استانبول (ترکیه),آستارا,آستانه اشرفیه,اسلام آباد غرب,اسفراین
قز,قزوین,سقز,قم,قم - پایانه فدک,قم - عوارضی
اندیمشک,اندیمشک,اهواز,تهران,اصفهان,شیراز
قزو,قزوین,قروه,همدان,تهران,سایر
زا,زاهدان,زابل,آزادشهر,ساری,بابل
اصفهان,اصفهان,اصفهان - پایانه کاوه,اصفهان - پایانه صفه,اصفهان - پایانه جی,اصفهان - اصفهان (صفه)
زنج,زنجان,خنج,لنجان,تهران,رشت
آست,استانبول (ترکیه),آستارا,آستانه اشرفیه,استهبان,اسلام آباد غرب
بروجر,بروجرد,بروجن,شیراز,اهواز,تهران
شهرض,شهرضا,شهرک,شهرکرد,شهربابک,شهریار
ایل,ایلام,آمل,املش,ایرانشهر,ایذه
دلی,دلیجان,الیگودرز,دلفان,خلیل آباد,علی آباد بابلسر
اس,استانبول (ترکیه),آستارا,آستانه اشرفیه,اسلام آباد غرب,اسفراین
رش,رشت,تفرش,آذرشهر,ری,مشهد
یاس,یاسوج,ماسال,جاسک,بوشهر,شیراز
سنن,سنندج,سمنان,سنقر,سقز,تهران
رام,رامسر,رامهرمز,دامغان,لامرد,کامیاران
بندر ع,بندر انزلی,بندر لنگه,بندر دیر,بندر ترکمن,بندر کنگان
شیراز ,شیراز - پایانه کاراندیش,شیراز - پایانه امیرکبیر,شیراز - پایانه مدرس,شیراز,تهران
لامرد,لامرد,تهران,اصفهان,شیراز,مشهد
رامس,رامسر,رامهرمز,بجنورد,تهران,اصفهان
فری,فریدون کنار,فریدون شهر,فریدن,ری,فرودگاه امام خمینی
اند,اندیمشک,اندیشه,شیراز - پایانه کاراندیش,میاندوآب,دیواندره
اه,اهواز,اهواز - همه پایانه‌ها,اهواز - پایانه سیاحت,اهواز - پایانه تپه,اهر
رو,رودسر,رویان,رودبار,رودان,ارومیه
ارد,اردبیل,اردکان,اردستان,کلاردشت,اراک
ته,تهران,تهران - پایانه جنوب,تهران - پایانه غرب,تهران - پایانه بیهقی,تهران - همه پایانه‌ها
آم,آمل,امیدیه,املش,رامسر,ایلام
تر,تربت حیدریه,تربت جام,ترابزون (ترکیه),شوشتر,استانبول (ترکیه)
خ,خرم آباد,خرمشهر,خوی,خمین,خوانسار
بهش,بهشهر,بوشهر,بهبهان,تهران,اصفهان
که,کهنوج,کهگیلویه,مبارکه,تهران,اهواز
طبس,طبس,شبستر,مشهد,سمنان,تهران
نهاوند,نهاوند,تهران,اصفهان,شیراز,مشهد
بابلس,بابلسر,علی آباد بابلسر,بابل,قم,تهران
تبر,تبریز,تهران,تهران - پایانه جنوب,تهران - پایانه غرب,تهران - پایانه بیهقی
کی,کیاشهر,استانبول (ترکیه),ارزروم (ترکیه),ترابزون (ترکیه),آنکارا (ترکیه)
سر,سراوان,سردشت,سرایان,سرچم,سربندر
jivhk,تهران,تهران - پایانه جنوب,تهران - پایانه غرب,تهران - پایانه بیهقی,تهران - همه پایانه‌ها
رفس,رفسنجان,کرمان,اصفهان,تهران,شیراز
اب,آبادان,آباده,ابهر,ابرکوه,آبیک
رودسر,رودسر,رشت,رامسر,تهران,اصفهان
مشه,مشهد,خرمشهر,اسلامشهر,ماهشهر,مشگین شهر
نور,نور,نورآباد,نورآباد (لرستان),نوردوز,نورآباد (فارس)
گرگا,گرگان,گرگان - همه پایانه‌ها,تهران,اصفهان,شیراز
شم,قشم,کاشمر,قم,بم,جم
نوشه,نوشهر,بوشهر,رویان,تهران,چالوس
تنک,تنکابن,تاکستان,آنکارا (ترکیه),تهران,ساری
اهوا,اهواز,اهواز - همه پایانه‌ها,اهواز - پایانه سیاحت,اهواز - پایانه تپه,اهواز - اهواز (تپه)
یز,یزد,یزد - کمربندی,تبریز,نی‌ریز,قزوین
;v,کرمان,کرج,کرمانشاه,تهران,اصفهان
بوک,بوکان,بوشهر,بویراحمد,نوک آباد,بوئین زهرا
دارا,داراب,شیراز,خوانسار,اصفهان,یزد
ابادا,آبادان,آباده,شیراز,تهران,اصفهان
