Suggestion0,Suggestion1,Suggestion2,Suggestion3,Suggestion4
تهران,تهران - پایانه جنوب,کلاله,اصفهان,شیراز
نهاوند,نکا,تهران,اصفهان,شیراز
ساوه,پاوه,تفرش,تهران,قم
یاسوج,اهواز - همه پایانه‌ها,تهران - پایانه جنوب,تهران - پایانه غرب,شیراز - پایانه کاراندیش
بندر انزلی,عسلویه,بندر ترکمن,تهران,اصفهان
فومن,رشت,تهران,اصفهان,شیراز
گناوه,بندر گناوه,اصفهان,اندیمشک,تهران
کازرون,شیراز,تهران,اصفهان,مشهد
محمودآباد,محلات,قم,تهران,ساری
گنبد کاووس,گرگان,تبریز,تهران,اصفهان
تبریز,عنبران,بناب,تهران,اصفهان
ارومیه,تهران,تبریز,کرج,اصفهان
فولادشهر,اصفهان,تهران,شیراز,مشهد
کاشان,تهران,اصفهان,قم,زنجان
اندیمشک,اهواز,تهران,اصفهان,شیراز
کرمانشاه,تهران,شیراز,مشهد,تبریز
جم,قم,بم,قم - پایانه فدک,قم - عوارضی
ایلام,تهران - پایانه جنوب,تهران,کرمانشاه,اصفهان
میبد,نائین,تهران,اصفهان,شیراز
رشت,رودسر,تهران,کرج,مشهد
بیجار,خشکبیجار,زنجان,سقز,تهران
چابهار,سیرجان,تهران,اصفهان,شیراز
تهران,تبریز,تهران - پایانه جنوب,تهران - پایانه غرب,تنکابن
قائم شهر,قائن,قاینات,قایمیه,حاجی آباد قائن
آبادان,آمل,آباده,آستارا,آستانه اشرفیه
بهبهان,شیراز,اهواز,تهران,اصفهان
اراک,شیراز - پایانه کاراندیش,داراب,آستارا,گچساران
سیرجان,سایر,نیر,قائم شهر,کرمان
پایانه غرب,پایانه فدک,پایانه مرزی مهران,پایانه جنوب,پایانه بیهقی
بم,قم,جم,قم - پایانه فدک,قم - عوارضی
کاشان,کازرون,کاشمر,کامیاران,گنبد کاووس
بوشهر,شوش,شوشتر,بندرعباس,شیراز
میاندوآب,میانه,کامیاران,بویین ومیاندشت,مهاباد
سمنان,تهران,کرمانشاه,اصفهان,شیراز
زرین شهر,اصفهان,فسا,داراب,تهران
اندیمشک,انار,اندیشه,انارک,تهران
اردبیل,تهران,رشت,تبریز,مشهد
زنجان,زاهدان,زابل,زرین شهر,زواره
ساری,سمنان,سیرجان,سنندج,سبزوار
رودسر,رشت,رامسر,تهران,اصفهان
طبس,طوالش,سلطان آباد,نطنز,رباط کریم
یاسوج,بوشهر,شیراز,یزد,نهاوند
شیراز,شیراز - پایانه کاراندیش,شیراز - پایانه امیرکبیر,شیراز - پایانه مدرس,شیروان
دهدشت,دهق,عسلویه,بهبهان,تهران
سمنان,تهران,اصفهان,شیراز,مشهد
میانه,تبریز,زنجان,سرچم,تهران
بندرعباس,مشهد,تهران,اصفهان,بندر گناوه
ارومیه,تهران,کرج,اصفهان,شیراز
دامغان,کاشان,تهران,اصفهان,شیراز
ملایر,تهران,همدان,قم,اصفهان
نجف آباد,نجف (عراق),زنجان,رفسنجان,خنج
شهرکرد,شهرضا,شهربابک,شهریار,شهر قدس
طبس,سمنان,تهران,اصفهان,شیراز
اردبیل,رشت,سایر,تهران,اصفهان
کرج,کرمان,کرمانشاه,پلدختر,کاشان
بندرعباس,تهران,تبریز,اصفهان,شیراز
بیرجند,بیرم,شیراز - پایانه امیرکبیر,نیر,مشهد
دامغان,تهران,کرمانشاه,سمنان,کاشان
خرم آباد,تهران,اهواز,ساری,اصفهان
کاشان,کاشمر,خاش,اصفهان,تهران
ملایر,همدان,تهران,تکاب,قم
تهران - پایانه بیهقی,تهران - تهران (بیهقی),پایانه بیهقی,تهران,اصفهان
عسلویه,عسلويه,شیراز,بندرعباس,تهران
فردوس,تهران - پایانه جنوب,تهران,اصفهان,شیراز
گنبد کاووس,اصفهان - پایانه کاوه,پایانه کاوه,اصفهان,تهران
اندیمشک,اندیشه,شیراز - پایانه کاراندیش,اهواز,تهران
جهرم,جیرفت,جاسک,جم,جاجرم
قزوین,تهران,همدان,اصفهان,مشهد
دهدشت,دهق,دهلران,آباده,نقده
میبد,میاندوآب,میانه,مینودشت,میناب
زنجان,ازنا,رزن,مرزن آباد,تهران
کازرون,شیراز,تهران,اصفهان,مشهد
خوانسار,خواف,خوی,خور,خورموج
شیراز,شیراز - پایانه کاراندیش,شیراز - پایانه امیرکبیر,شیراز - پایانه مدرس,تهران
بابلسر,علی آباد بابلسر,بابل,تهران,قم
کنگان,کنگاور,بندر کنگان,تهران,اصفهان
مهاباد,گناباد,بابا میدان,آبادان,آباده
ساری,بابل,اصفهان,گرگان,محمودآباد
شهرکرد,مهران,اصفهان,شیراز,بندرعباس
بیرجند,مشهد,بندرعباس,تهران,اصفهان
بوشهر,بندرعباس,شیراز,اصفهان,شهرکرد
لامرد,ایلام,اسلام آباد غرب,اسلامشهر,لار
رفسنجان,کرمان,اصفهان,تهران,شیراز
سنندج,سقز,تهران,اصفهان,شیراز
سمنان,تهران,اصفهان,شیراز,مشهد
ایرانشهر,تیران,ایوان,تهران,اصفهان
شاهرود,شاهین شهر,شاهین دژ,کرمانشاه,اصفهان
شوش,شوشتر,شوط,اهواز,تهران
کرمانشاه,تهران,شیراز,تبریز,کرج
رودسر,رودبار,رودان,شاهرود,فرودگاه امام خمینی
مهاباد,مهران,اهواز - همه پایانه‌ها,تهران - همه پایانه‌ها,گرگان - همه پایانه‌ها
فارسان,دلفان,جلفا,نورآباد (فارس),فسا
یزد,یزد - کمربندی,تهران,اصفهان,فولادشهر
صومعه سرا,صحنه,اصفهان,اصفهان - پایانه کاوه,اصفهان - پایانه صفه
جیرفت,اصفهان - پایانه جی,حاجی آباد قائن,حاجی آباد,ری
مشهد,ماهشهر,ملایر,مهاباد,محمودآباد
ایرانشهر,پیرانشهر,تهران,اصفهان,شیراز
زابل,بابل,بابلسر,اصفهان,زاهدان
کنارتخته,تهران,بهبهان,تهران - پایانه جنوب,تهران - پایانه غرب
دزفول,کرمانشاه,اندیمشک,تهران,اصفهان
خمین,خمینی شهر,فرودگاه امام خمینی,قم,بم
رشت,رامسر,رودسر,رفسنجان,رویان
فرودگاه امام خمینی,تهران,قم,اصفهان,شیراز
قائم شهر,قائن,حاجی آباد قائن,ساری,گرگان
لاهیجان,لامرد,لار,ایلام,ملایر
اردکان,نائین,اصفهان,تهران,شیراز
چابهار,چذابه,سیرجان,تهران,اصفهان
مهاباد,گناباد,آبادان,آباده,شیراز
شهرضا,تهران,شیراز,اصفهان,مشهد
همدان,تهران,شیراز,کرج,بابل
سبزوار,گرگان,سیرجان,نیشابور,تهران
نوشهر,نور,شوش,شوشتر,نورآباد
مهران,پایانه مرزی مهران,کرمانشاه,ایلام,تهران
میبد,تهران,اصفهان,شیراز,مشهد
همدان,هشتپر,هادیشهر,هشتگرد,تهران
خرم آباد,اهواز - همه پایانه‌ها,بندر انزلی,قائم شهر,تهران - پایانه جنوب
تبریز,تهران,تکاب,همدان,شاهین دژ
البرز,تهران,کرج,اصفهان,شیراز
امیدیه,شیراز - پایانه امیرکبیر,کامیاران,شیراز,اهواز - همه پایانه‌ها
اصفهان,تهران - پایانه جنوب,رشت,تهران,شیراز
دزفول,اندیمشک,کرمانشاه,تهران,اصفهان
نائین,سمنان,گناباد,گناوه,ازنا
دیلم,دیواندره,اندیمشک,شیراز - پایانه کاراندیش,بندر دیر
اقلید,اصفهان,آباده,تهران,شیراز
ابهر,اهر,تهران,اصفهان,شیراز
تویسرکان,باتومی (گرجستان),همدان,رشت,تهران
تهران,تهران - پایانه جنوب,تهران - پایانه غرب,تهران - پایانه بیهقی,تهران - همه پایانه‌ها
بروجرد,بروجن,اهواز,اصفهان,شیراز
دورود,نور,خور,نورآباد,نورآباد (لرستان)
خرم آباد,اهواز - همه پایانه‌ها,بندر انزلی,قائم شهر,تهران - پایانه جنوب
نیشابور,نی‌ریز,نیک شهر,نیر,فرودگاه امام خمینی
پارس آباد,پیرانشهر,پارسیان,پایانه غرب,پایانه فدک
بندر انزلی,رشت,بندر ترکمن,تهران,اصفهان
میاندوآب,میانه,بویین ومیاندشت,مهاباد,تبریز
سلمان شهر,سلماس,سلطان آباد,عسلویه,عسلويه
دورود,خرم آباد,تهران,اصفهان,شیراز
فردوس,فولادشهر,فومن,فسا,پایانه فدک
بهبهان,شیراز,اهواز,تهران,اصفهان
سبزوار,سقز,گرگان,نیشابور,تهران
سنندج,سقز,تهران,اصفهان,شیراز
قائم شهر,تهران,اصفهان,شیراز,مشهد
مشهد,تهران,اصفهان,شیراز,رشت
تهران,اصفهان,شیراز,مشهد,رشت
دامغان,داراب,همدان,آبادان,زاهدان
شاهرود,شاهین شهر,شاهین دژ,شاندرمن,کرمانشاه
اهواز,بوشهر,ارومیه,اهواز - همه پایانه‌ها,شاهرود
نقده,سنقر,تهران,مهاباد,پیرانشهر
بابل,بابلسر,بانه,بافت,باتومی (گرجستان)
فیروزکوه,آستانه اشرفیه,پل سفید,ری,فردوس
نوشهر,نجف آباد,نهاوند,نور,نیشابور
ساری,بابل,اصفهان,گرگان,بابلسر
گرگان,گرگان - همه پایانه‌ها,اصفهان,زاهدان,بهبهان
بوکان,بانه,تهران,سقز,تبریز
تایباد,تاکستان,استانبول (ترکیه),آستارا,آستانه اشرفیه
کوهدشت,ابرکوه,سوادکوه,فیروزکوه,کرمان
مشهد,مشگین شهر,اندیمشک,خرمشهر,اسلامشهر
بندرعباس,مشهد,اصفهان,بندر گناوه,تهران
آمل,ساری,رشت,املش,گرگان
کلاچای,کلاله,کلاردشت,سیاهکلا,رودسر
لنگرود,رشت,تهران,اصفهان,شیراز
دیلم,اهواز,شهرکرد,اندیمشک,شیراز
گناباد,تهران,اصفهان,شیراز,مشهد
اراک,ارومیه,اردبیل,اردکان,ارزروم (ترکیه)
بجنورد,بجستان,بم,مشهد,آبادان
شبستر,شیراز,تهران,اصفهان,مشهد
سراوان,سرایان,سراب,صومعه سرا,زاهدان
داراب,لار,شیراز,اصفهان,تهران
لنگرود,لنجان,بندر لنگه,رشت,بندر انزلی
شیراز,شهرکرد,شاهرود,شیراز - پایانه کاراندیش,شاهین شهر
ماهشهر,اهواز,آبادان,کرمان,کرج
کرمان,کرج,کرمانشاه,کاشان,کازرون
قزوین,تهران,همدان,اصفهان,مشهد
تهران,تهران - پایانه جنوب,تهران - پایانه غرب,تهران - پایانه بیهقی,تهران - همه پایانه‌ها
تنکابن,تکاب,تکاب درگز,تهران,ساری
کلاله,تهران,کلاچای,اصفهان,شیراز
عسلویه,عسلويه,شیراز,بندرعباس,اصفهان
تهران - پایانه جنوب,تهران - پایانه غرب,تهران - پایانه بیهقی,تهران - همه پایانه‌ها,تهران - پایانه شرق
پارس آباد,شیراز - پایانه مدرس,پارسیان,نورآباد (لرستان),فارسان
ماکو,ارومیه,تهران,اصفهان,شیراز
خوانسار,خواف,قم,کرج,تهران
عسلويه,نسيم شهر,یزد,تهران,اصفهان
بندرعباس,بندر انزلی,بندر لنگه,بندر دیر,بندر ترکمن
محلات,قم,تهران,اراک,خمین
شوشتر,شوش,شوط,اهواز,تهران
بندرعباس,مشهد,اصفهان,جیرفت,بندر گناوه
محمودآباد,ساری,تهران,اصفهان,شیراز
آبادان,شیراز,تهران,اصفهان,مشهد
بندرعباس,تهران,تبریز,اصفهان,شیراز
ری,تبریز,ساری,تربت حیدریه,نی‌ریز
عسلویه,عسلويه,شیراز,بندرعباس,تهران
همدان,تهران,شیراز,بوشهر,ملایر
قائم شهر,ساری,گرگان,آمل,تهران
آستارا,آستانه اشرفیه,رشت,تهران,لاهیجان
بهبهان,شیراز,اهواز,تهران,اصفهان
مهاباد,تبریز,تهران,اصفهان,شیراز
هشتپر,هشتگرد,ماهشهر,بهشهر,تبریز
ماهشهر,اهواز,آبادان,تهران,شیراز
دورود,فردوس,میاندوآب,فریدون شهر,فریدون کنار
مراغه,میاندوآب,تهران,اصفهان,شیراز
بروجرد,بروجن,برداسکن,برازجان,تبریز
همدان,تهران,شیراز,کرج,بوشهر
حاجی آباد قائن,حاجی آباد,محمودآباد,اهواز - پایانه سیاحت,تربت حیدریه
سقز,کرج,همدان,تهران,اصفهان
ساری,بابل,اصفهان,گرگان,محمودآباد
کرمان,کرج,کرمانشاه,شهرکرد,رباط کریم
گرگان,گرگان - همه پایانه‌ها,مشهد,تهران,اصفهان
خرم آباد,خرمشهر,تهران,شیراز,اهواز
بابل,بابلسر,بابا میدان,شهربابک,علی آباد بابلسر
کرج,کرمان,کرمانشاه,تهران,اصفهان
خوی,خور,خورموج,تبریز,ارومیه
بهشهر,ساری,تهران,اصفهان,شیراز
اوز,گنبد کاووس,اصفهان - پایانه کاوه,نهاوند,ساوه
عسلویه,عسلويه,شیراز,تهران,بندرعباس
ایرانشهر,ایروان (ارمنستان),ملایر,سایر,اهر
ساری,ساوه,سایر,ساوجبلاغ,خوانسار
پایانه غرب,پایانه فدک,پایانه مرزی مهران,پایانه جنوب,پایانه بیهقی
املش,آمل,گرگان,تهران,اصفهان
اهواز,اهواز - همه پایانه‌ها,اهواز - پایانه سیاحت,اهواز - پایانه تپه,اهواز - اهواز (تپه)
عسلویه,عسلويه,عباس آباد,عنبران,عنبرآباد
ساری,گرگان,تهران,مشهد,رشت
چالوس,چابهار,کلاچای,قوچان,تهران
شاهین شهر,شاهین دژ,اصفهان,بهبهان,تهران
کرمان,کرمانشاه,کرج,همدان,شیراز
بهبهان,بهشهر,چابهار,ابهر,چذابه
قشم,قم,قم - پایانه فدک,قم - عوارضی,بندرعباس
لار,کلاردشت,تهران,شیراز,اهواز - همه پایانه‌ها
چالوس,ساری,رشت,تهران,اصفهان
شاهرود,اهر,سمنان,تهران,کاشان
بندرعباس,مشهد,بندر گناوه,اصفهان,جیرفت
اراک,ارومیه,اردبیل,اردکان,ارزروم (ترکیه)
اقلید,نجف (عراق),اربیل (عراق),اصفهان,آباده
فسا,رفسنجان,شیراز,عسلويه,شیراز - پایانه کاراندیش
ایذه,تهران,اصفهان,شیراز,مشهد
فولادشهر,دزفول,اصفهان,تهران,شیراز
خمین,خمینی شهر,فرودگاه امام خمینی,خوی,الیگودرز
کازرون,شیراز,تهران,اصفهان,مشهد
گنبد کاووس,گناباد,گناوه,بندر گناوه,قلعه گنج
زنجان,تهران,رشت,تبریز,اهواز
ایرانشهر,تهران,اصفهان,شیراز,مشهد
بروجرد,تهران,شیراز,اهواز,خرم آباد
چابهار,تهران,سیرجان,رامسر,اصفهان
ارومیه,نشتارود,تهران,تبریز,پیرانشهر
امیدیه,املش,رامسر,ایلام,دامغان
دزفول,اندیمشک,کرمانشاه,اهواز,اراک
جیرفت,تهران,تهران - پایانه جنوب,تهران - پایانه غرب,تهران - پایانه بیهقی
دزفول,دامغان,داراب,دورود,دهدشت
عباس آباد,بندرعباس,مشهد,تهران,اصفهان
کاشان,اصفهان,تهران,آمل,زنجان
قائم شهر,ساری,گرگان,تهران,آمل
تبریز,تهران,همدان,تکاب,رشت
ماهشهر,ماکو,ماسال,کرمان,کرمانشاه
نهاوند,تهران,اصفهان,شیراز,مشهد
دزفول,اندیمشک,کرمانشاه,تهران,اصفهان
جهرم,جم,تهران,اصفهان,شیراز
تربت حیدریه,تربت جام,بیرجند,کاشمر,تهران
پایانه غرب,پایانه فدک,پایانه مرزی مهران,پایانه جنوب,پایانه بیهقی
لنگرود,رشت,تهران,اصفهان,شیراز
بوکان,ارومیه,بانه,تهران,تبریز
تهران - پایانه بیهقی,تهران - تهران (بیهقی),پایانه بیهقی,تهران,اصفهان
قائم شهر,قائن,ساری,گرگان,شیراز
خرم آباد,اصفهان,اهواز,ساری,بروجرد
بجنورد,مشهد,آبادان,تهران,اصفهان
اصفهان,اصفهان - پایانه کاوه,اصفهان - پایانه صفه,اصفهان - پایانه جی,اصفهان - اصفهان (صفه)
تبریز,تهران,همدان,رشت,تکاب
کنگان,بندر کنگان,تهران,اصفهان,شیراز
بهبهان,شیراز,اهواز,تهران,اصفهان
تنکابن,تهران,ساری,رامسر,سایر
نجف آباد,نجف (عراق),تهران,اصفهان,شیراز
اردبیل,رشت,تهران,مشهد,تبریز
شیراز,شیراز - پایانه کاراندیش,شیراز - پایانه امیرکبیر,شیراز - پایانه مدرس,شیروان
کازرون,شیراز,تهران,اصفهان,مشهد
دهدشت,عسلویه,بهبهان,تهران,اصفهان
گناباد,گناوه,بندر گناوه,مشهد,اندیمشک
بندر انزلی,بندر ترکمن,لنگرود,تهران,اصفهان
سنندج,سنقر,رفسنجان,ممسنی,کرمانشاه
محلات,قم,خمین,تهران,اراک
شوشتر,اهواز,شوش,تهران,اصفهان
کوهدشت,ابرکوه,ماکو,سوادکوه,فیروزکوه
نهاوند,نهبندان,اهواز - همه پایانه‌ها,تهران - پایانه جنوب,تهران - پایانه غرب
ایرانشهر,آبادان,ایذه,ایلام,مهران
مسجدسلیمان,مسجد سلیمان,رامسر,ممسنی,گرمسار
شاهین شهر,شاهین دژ,اصفهان,بهبهان,میاندوآب
یاسوج,یزد,بوشهر,اصفهان,شیراز
چالوس,ساری,چابهار,رشت,تهران
لاهیجان,تهران,اصفهان,شیراز,مشهد
داراب,اصفهان,شیراز,تهران,مشهد
اردبیل,تهران,تبریز,مشهد,رشت
بیرجند,بندرعباس,اصفهان,مشهد,تهران
ساری,اصفهان,محمودآباد,گرگان,بابل
سمنان,قم,بم,جم,قم - پایانه فدک
لامرد,لار,تهران,اصفهان,شیراز
بیرجند,بیجار,بیرم,اردبیل,تهران - پایانه بیهقی
اصفهان - پایانه کاوه,اصفهان - پایانه صفه,اصفهان - پایانه جی,اصفهان - اصفهان (صفه),اصفهان
محمودآباد,ساری,تهران,اصفهان,شیراز
فرودگاه امام خمینی,تهران,قم,اصفهان,شیراز
پایانه غرب,پایانه فدک,پایانه مرزی مهران,پایانه جنوب,پایانه بیهقی
ابهر,چابهار,چذابه,قزوین,تهران
رویان,بشرویه,خوی,ری,آمل
مراغه,میاندوآب,کرمانشاه,تهران,اصفهان
چابهار,تهران,سیرجان,اصفهان,شیراز
ایرانشهر,تهران,اصفهان,شیراز,مشهد
ایلام,تهران,تهران - پایانه جنوب,کرمانشاه,اصفهان
بوشهر,نوشهر,بهشهر,شیراز,بندرعباس
پایانه غرب,پایانه فدک,پایانه مرزی مهران,پایانه جنوب,پایانه بیهقی
یزد,یاسوج,یزد - کمربندی,شیراز,تبریز
قاینات,قایمیه,قائم شهر,قائن,ساری
ساوه,ساوجبلاغ,تهران,قم,اراک
گیلانغرب,رشت,اردبیل,فومن,لاهیجان
شیراز,شیراز - پایانه کاراندیش,شیراز - پایانه امیرکبیر,شیراز - پایانه مدرس,شیروان
رشت,رامسر,رودسر,رفسنجان,ری
ملایر,همدان,تهران,قم,اصفهان
ملایر,آمل,املش,همدان,تهران
زاهدان,تهران,اصفهان,شیراز,مشهد
اصفهان,اصفهان - پایانه کاوه,اصفهان - پایانه صفه,اصفهان - پایانه جی,اصفهان - اصفهان (صفه)
اهواز - پایانه تپه,اهواز - همه پایانه‌ها,تهران,اهواز,عسلویه
بروجرد,بروجن,اصفهان,شیراز,اهواز
بجنورد,مشهد,آبادان,تهران,اصفهان
خمین,خمینی شهر,فرودگاه امام خمینی,اصفهان,الیگودرز
گرگان,گنبد کاووس,گناباد,گلپایگان,گناوه
ماسال,سلماس,رشت,بندر انزلی,تهران
رامسر,رامهرمز,تهران,شیراز,اراک
مهاباد,تبریز,تهران,اصفهان,شیراز
سبزوار,نیشابور,تهران,اصفهان,شیراز
استانبول (ترکیه),استهبان,آستارا,شیراز,شاهرود
زاهدان,یزد,تهران,اصفهان,شیراز
استانبول (ترکیه),آستارا,تهران,رشت,شاهرود
چالوس,چابهار,چغادک,چذابه,کلاچای
فولادشهر,فومن,دزفول,اصفهان,رشت
دامغان,سمنان,کاشان,تهران,اصفهان
مهاباد,تبریز,تهران,اصفهان,شیراز
تنکابن,تهران,ساری,رشت,رامسر
بندرعباس,بندر انزلی,بندر لنگه,بندر دیر,بندر ترکمن
اصفهان,اصفهان - پایانه کاوه,اصفهان - پایانه صفه,اصفهان - پایانه جی,اصفهان - اصفهان (صفه)
کلاچای,کلاله,کلاردشت,سیاهکلا,رودسر
جهرم,تهران,اصفهان,شیراز,مشهد
شهرکرد,شهرضا,شهربابک,شهریار,شهر قدس
اصفهان,اصفهان - پایانه کاوه,اصفهان - پایانه صفه,اصفهان - پایانه جی,اصفهان - اصفهان (صفه)
قم,قم - پایانه فدک,قم - عوارضی,قشم,بم
شهر قدس,شهرک,شهرکرد,شهربابک,بم
مهران,پایانه مرزی مهران,تهران,تهران - پایانه جنوب,تهران - پایانه غرب
همدان,اهواز - همه پایانه‌ها,تهران - همه پایانه‌ها,گرگان - همه پایانه‌ها,قم
رفسنجان,جیرفت,آستانه اشرفیه,ری,کرمان
لنگرود,بندر لنگه,رشت,بندرعباس,رامسر
زاهدان,تهران,اصفهان,شیراز,مشهد
آبادان,آباده,شیراز,بندرعباس,همدان
بیرجند,بیرم,مشهد,بندرعباس,تهران
اهواز,اهواز - همه پایانه‌ها,اهواز - پایانه سیاحت,اهواز - پایانه تپه,اهواز - اهواز (تپه)
آبادان,آباده,خرم آباد,محمودآباد,نجف آباد
سقز,کرج,تهران,اصفهان,شیراز
بندرعباس,بندر انزلی,بندر لنگه,بندر دیر,بندر ترکمن
نوشهر,بوشهر,رویان,تهران,اصفهان
عسلویه,عسلويه,شیراز,اصفهان,بندرعباس
گرمسار,گرمی,سمنان,تهران - پایانه جنوب,اردبیل
مراغه,مریوان,مرند,مرزن آباد,مرودشت
تنکابن,نکا,تهران,ساری,رامسر
دورود,خرم آباد,تهران,اصفهان,شیراز
ازنا,شیراز,اهواز,اهواز - همه پایانه‌ها,شیراز - پایانه کاراندیش
مهاباد,تبریز,تهران,اصفهان,شیراز
کرمان,کرمانشاه,همدان,شیراز,ایلام
بندر لنگه,تهران,اصفهان,شیراز,مشهد
ایلام,ایرانشهر,ایذه,ایروان (ارمنستان),ایوان
بهشهر,بوشهر,ساری,تهران,اصفهان
کهنوج,تهران,اصفهان,شیراز,مشهد
ماهشهر,اهواز,آبادان,تهران,همدان
تهران,تهران - پایانه جنوب,تهران - پایانه غرب,تهران - پایانه بیهقی,تهران - همه پایانه‌ها
شهرکرد,شهرک,اصفهان,مهران,شیراز
رشت,رامسر,رودسر,رفسنجان,رویان
آبادان,شیراز,بندرعباس,تهران,اصفهان
اهواز,اراک,آبادان,اهواز - همه پایانه‌ها,عسلویه
لاهیجان,لار,رشت,فومن,تهران
کنگان,کنگاور,بندر کنگان,تهران,اصفهان
تهران,تهران - پایانه جنوب,بجنورد,اصفهان,شیراز
آبادان,آباده,آبیک,آبدانان,خرم آباد
اسفراین,مشهد,تهران,اصفهان,شیراز
کنگان,کنگاور,کنارک,کنارتخته,برداسکن
لاهیجان,تهران,رشت,فومن,اصفهان
همدان,هشتپر,حاجی آباد,حاجی آباد قائن,هادیشهر
نوشهر,نور,نورآباد,نورآباد (لرستان),نوردوز
کرمان,کرمانشاه,همدان,تهران,شیراز
تربت حیدریه,تربت جام,بیرجند,کاشمر,تهران
بجنورد,مشهد,آبادان,تهران,اصفهان
جهرم,اهر,تهران,اصفهان,شیراز
نیشابور,نیر,بابل,شیراز,مشهد
لاهیجان,لامرد,لنگرود,لار,لردگان
اهواز,اهواز - همه پایانه‌ها,سبزوار,اهواز - پایانه سیاحت,اهواز - پایانه تپه
گیلانغرب,مشگین شهر,کهگیلویه,ری,کرج
شهرک,شهرکرد,اصفهان,مهران,شیراز
چالوس,رشت,ساری,تهران,اصفهان
خرمشهر,شیراز,تهران,اصفهان,مشهد
فرودگاه امام خمینی,فردوس,فریدون شهر,فریدون کنار,فریدن
قشم,قم,قم - پایانه فدک,قم - عوارضی,بندرعباس
بندر انزلی,بندر لنگه,بندر دیر,بندر ترکمن,بندر کنگان
اردکان,اراک,نائین,اصفهان,تهران
تهران,اصفهان,شیراز,مشهد,رشت
اندیمشک,اهواز,تهران,اهواز - همه پایانه‌ها,اصفهان
درگهان,درگز,دره‌شهر,بندرعباس,بندر انزلی
اراک,تهران,همدان,کمیجان,قم
گلپایگان,گرگان,سلطان آباد,کرمان,بهشهر
دزفول,دامغان,داراب,دورود,دهدشت
محمودآباد,ساری,قم,تهران,اصفهان
کرمانشاه,کرمان,مشهد,رودسر,تهران
فولادشهر,اصفهان,تهران,شیراز,مشهد
لاهیجان,لامرد,لنگرود,لار,لردگان
مشهد,تهران,اصفهان,قم,کرج
گچساران,بهبهان,اهواز,یاسوج,سایر
فسا,شیراز,عسلويه,تهران,اصفهان
بندرعباس,تهران,تبریز,اصفهان,شیراز
کرج,تهران,البرز,اصفهان,شیراز
لنگرود,رشت,تهران,اصفهان,شیراز
خرمشهر,اصفهان,شیراز,آبادان,تهران
ایذه,تهران,اصفهان,شیراز,مشهد
زابل,زاهدان,اصفهان,تهران,شیراز
نیشابور,بابل,مشهد,تهران,اصفهان
شاهرود,سمنان,تهران,کاشان,دامغان
سبزوار,نیشابور,تهران,اصفهان,شیراز
سیرجان,سیاهکلا,اهواز - پایانه سیاحت,پارسیان,ری
بندرعباس,بابل,بوشهر,بیرجند,بابلسر
پارس آباد,پارسیان,پایانه غرب,پایانه فدک,پایانه مرزی مهران
ساری,خوانسار,گچساران,گرمسار,لار
بندر انزلی,ماهشهر,تهران,عسلویه,اصفهان
رفسنجان,کرمان,اصفهان,تهران,شیراز
تهران,تهران - پایانه جنوب,تهران - پایانه غرب,تهران - پایانه بیهقی,تهران - همه پایانه‌ها
مریوان,سقز,تهران,اصفهان,شیراز
اهواز - همه پایانه‌ها,اهواز - پایانه سیاحت,اهواز - پایانه تپه,اهواز - اهواز (تپه),اهواز
آباده,تهران,اصفهان,شیراز,مشهد
نهاوند,تهران,اصفهان,شیراز,مشهد
الیگودرز,البرز,الشتر,چالوس,کلاله
زنجان,لنجان,تهران,قزوین,مشهد
آبادان,آباده,خرم آباد,محمودآباد,نجف آباد
بابل,بابلسر,علی آباد بابلسر,زابل,ساری
گنبد کاووس,گرگان,تبریز,تهران,اصفهان
اردکان,نائین,تهران,اصفهان,ایرانشهر
تفرش,تفلیس (گرجستان),تهران,اصفهان,شیراز
قائم شهر,ساری,گرگان,آمل,تهران
شاهرود,تهران,سمنان,بابل,کاشان
سیرجان,کرمان,تهران,گرگان,عسلویه
رامسر,تهران,اصفهان,گرگان,بجنورد
سیرجان,کرمان,قائم شهر,تهران,گرگان
نیشابور,مشهد,بابل,تهران,اصفهان
جهرم,جیرفت,جاسک,جم,جاجرم
اصفهان,اصفهان - پایانه کاوه,اصفهان - پایانه صفه,اصفهان - پایانه جی,اصفهان - اصفهان (صفه)
مهران,پایانه مرزی مهران,رامهرمز,اهر,کرمانشاه
سیرجان,تهران,کرمان,گرگان,قائم شهر
خرمشهر,اصفهان,شیراز,تهران,مشهد
ارومیه,تهران,کرج,تبریز,اصفهان
خوی,خوانسار,خور,خواف,خورموج
تاکستان,قزوین,تهران,اصفهان,شیراز
زاهدان,تهران,اصفهان,شیراز,مشهد
بوشهر,بوکان,بویراحمد,بویین ومیاندشت,بوئین زهرا
شیراز,شیراز - پایانه کاراندیش,شیراز - پایانه امیرکبیر,شیراز - پایانه مدرس,تهران
فرودگاه امام خمینی,فردوس,فولادشهر,فومن,فسا
ماهشهر,اهواز,آبادان,همدان,تهران
بندر انزلی,لنگرود,رشت,رودسر,بندر ترکمن
کرمان,کرج,کرمانشاه,خرم آباد,کاشان
خرم آباد,خرمشهر,خور,خورموج,کرج
شیراز - پایانه کاراندیش,آنکارا (ترکیه),لار,کازرون,مشهد
تهران,تهران - پایانه جنوب,تهران - پایانه غرب,تهران - پایانه بیهقی,تهران - همه پایانه‌ها
اصفهان,اهواز,اراک,ارومیه,اهواز - همه پایانه‌ها
شیراز,شیراز - پایانه کاراندیش,شیراز - پایانه امیرکبیر,شیراز - پایانه مدرس,اصفهان
همدان,هشتپر,حاجی آباد,حاجی آباد قائن,هادیشهر
بندر انزلی,اوز,لنگرود,رشت,رودسر
گرگان,گرگان - همه پایانه‌ها,گراش,گرمسار,گرمی
پارس آباد,پارسیان,لار,ترابزون (ترکیه),تهران
قم,قزوین,قائم شهر,قشم,قم - پایانه فدک
الیگودرز,گالیکش,اهواز,تهران,اصفهان
آستارا,آستانه اشرفیه,تهران,رشت,لاهیجان
قزوین,سقز,قم,قم - پایانه فدک,قم - عوارضی
اندیمشک,اهواز,تهران,اصفهان,شیراز
قزوین,همدان,تهران,سایر,اصفهان
زاهدان,زابل,آزادشهر,اصفهان,آذرشهر
اصفهان,اصفهان - پایانه کاوه,اصفهان - پایانه صفه,اصفهان - پایانه جی,اصفهان - اصفهان (صفه)
زنجان,خنج,تهران,رشت,اهواز
آستارا,آستانه اشرفیه,لاهیجان,رشت,تهران
بروجرد,بروجن,شیراز,اهواز,خرم آباد
شهرضا,شهرک,شهرکرد,تهران,شیراز
ایلام,کرمانشاه,تهران - پایانه جنوب,تهران,اصفهان
دلیجان,اراک,تهران,اصفهان,ساوه
استانبول (ترکیه),اسلام آباد غرب,اسفراین,اسلامشهر,اسدآباد
رشت,تفرش,آذرشهر,ری,تهران
یاسوج,بوشهر,شیراز,یزد,اهواز
سنندج,سقز,تهران,کرمانشاه,اصفهان
رامسر,رامهرمز,تهران,اصفهان,بجنورد
بندرعباس,تهران,تبریز,کنگان,اصفهان
شیراز - پایانه کاراندیش,شیراز - پایانه امیرکبیر,شیراز - پایانه مدرس,شیراز,تهران
لامرد,تهران,اصفهان,شیراز,مشهد
رامسر,بجنورد,تهران,اصفهان,شیراز
فریدون شهر,فریدون کنار,فریدن,ری,ساری
اندیمشک,اندیشه,شیراز - پایانه کاراندیش,میاندوآب,دیواندره
اهواز,اهواز - همه پایانه‌ها,اهواز - پایانه سیاحت,اهواز - پایانه تپه,اهر
رودسر,رویان,رودبار,رودان,ارومیه
اردبیل,اردکان,اردستان,کلاردشت,اصفهان
تهران,تهران - پایانه جنوب,تهران - پایانه غرب,تهران - پایانه بیهقی,تهران - همه پایانه‌ها
آمل,قم,بم,جم,قم - پایانه فدک
تربت حیدریه,تربت جام,ترابزون (ترکیه),شوشتر,استانبول (ترکیه)
خرم آباد,خرمشهر,خوی,خمین,خوانسار
بهشهر,تهران,اصفهان,شیراز,مشهد
کهنوج,کهگیلویه,مبارکه,کرج,مشهد
طبس,مشهد,سمنان,تهران,اصفهان
نهاوند,تهران,اصفهان,شیراز,مشهد
بابلسر,علی آباد بابلسر,بابل,قم,تهران
تبریز,تهران,همدان,تکاب,شاهین دژ
کیاشهر,استانبول (ترکیه),ارزروم (ترکیه),ترابزون (ترکیه),آنکارا (ترکیه)
سراوان,سردشت,سرایان,سرچم,سربندر
تهران,تهران - پایانه جنوب,تهران - پایانه غرب,تهران - پایانه بیهقی,تهران - همه پایانه‌ها
رفسنجان,کرمان,اصفهان,تهران,شیراز
ابهر,ابرکوه,بابل,بابلسر,چابهار
رودسر,رشت,رامسر,تهران,اصفهان
مشهد,خرمشهر,اسلامشهر,تهران,اصفهان
نور,نورآباد,نورآباد (لرستان),نوردوز,نورآباد (فارس)
گرگان,گرگان - همه پایانه‌ها,تهران,اصفهان,شیراز
قشم,کاشمر,قم,بم,جم
نوشهر,رویان,تهران,چالوس,اصفهان
تنکابن,تهران,ساری,رامسر,رشت
اهواز,اهواز - همه پایانه‌ها,اهواز - پایانه سیاحت,اهواز - پایانه تپه,اهواز - اهواز (تپه)
یزد,یزد - کمربندی,تبریز,نی‌ریز,تهران
تهران,اصفهان,شیراز,مشهد,رشت
بوکان,بانه,ارومیه,تبریز,سقز
داراب,شیراز,خوانسار,اصفهان,یزد
آبادان,شیراز,تهران,اصفهان,مشهد
